{
  "case": "a1",
  "stack": "PostgreSQL standalone + Redis standalone",
  "tier": "A",
  "target": "pg",
  "runs": [
    {
      "run": "run-1",
      "requests_per_s": 1041.0917309358617,
      "total_requests": 126591.0,
      "failures_per_s": 0.0,
      "p50": 410.0,
      "p90": 560.0,
      "p95": 600.0,
      "p99": 640.0,
      "avg": 370.3658815384219
    },
    {
      "run": "run-2",
      "requests_per_s": 1045.039733447278,
      "total_requests": 126983.0,
      "failures_per_s": 0.0,
      "p50": 400.0,
      "p90": 530.0,
      "p95": 550.0,
      "p99": 590.0,
      "avg": 366.4219928054364
    },
    {
      "run": "run-3",
      "requests_per_s": 1002.9390465703286,
      "total_requests": 121373.0,
      "failures_per_s": 0.0,
      "p50": 430.0,
      "p90": 570.0,
      "p95": 600.0,
      "p99": 640.0,
      "avg": 393.12773712298593
    }
  ],
  "metrics": {
    "requests_per_s": {
      "min": 1002.9390465703286,
      "max": 1045.039733447278,
      "mean": 1029.6901703178228,
      "median": 1041.0917309358617,
      "stddev": 23.25109991533403
    },
    "p50": {
      "min": 400.0,
      "max": 430.0,
      "mean": 413.3333333333333,
      "median": 410.0,
      "stddev": 15.275252316519467
    },
    "p90": {
      "min": 530.0,
      "max": 570.0,
      "mean": 553.3333333333334,
      "median": 560.0,
      "stddev": 20.81665999466133
    },
    "p95": {
      "min": 550.0,
      "max": 600.0,
      "mean": 583.3333333333334,
      "median": 600.0,
      "stddev": 28.867513459481287
    },
    "p99": {
      "min": 590.0,
      "max": 640.0,
      "mean": 623.3333333333334,
      "median": 640.0,
      "stddev": 28.867513459481287
    },
    "avg": {
      "min": 366.4219928054364,
      "max": 393.12773712298593,
      "mean": 376.63853715561476,
      "median": 370.3658815384219,
      "stddev": 14.41557668834335
    },
    "total_requests": {
      "min": 121373.0,
      "max": 126983.0,
      "mean": 124982.33333333333,
      "median": 126591.0,
      "stddev": 3131.913366192196
    },
    "failures_per_s": {
      "min": 0.0,
      "max": 0.0,
      "mean": 0.0,
      "median": 0.0,
      "stddev": 0.0
    }
  },
  "containers": {
    "app-1": {
      "cpu_avg": 178.166875,
      "cpu_peak": 428.04,
      "mem_avg_mb": 725.607666015625,
      "mem_peak_mb": 776.85546875,
      "runs": [
        {
          "cpu_avg": 178.166875,
          "cpu_peak": 428.04,
          "mem_avg_mb": 725.607666015625,
          "mem_peak_mb": 776.85546875,
          "net_rx_total_mb": 379.16986179351807,
          "net_tx_total_mb": 554.459958076477
        },
        {
          "cpu_avg": 181.1575,
          "cpu_peak": 405.5,
          "mem_avg_mb": 744.1298828125,
          "mem_peak_mb": 769.19140625,
          "net_rx_total_mb": 378.9242811203003,
          "net_tx_total_mb": 554.694486618042
        },
        {
          "cpu_avg": 169.398125,
          "cpu_peak": 392.9,
          "mem_avg_mb": 706.27490234375,
          "mem_peak_mb": 761.125,
          "net_rx_total_mb": 359.3839588165283,
          "net_tx_total_mb": 528.0112409591675
        }
      ]
    },
    "postgres-1": {
      "cpu_avg": 62.5775,
      "cpu_peak": 80.83,
      "mem_avg_mb": 184.098876953125,
      "mem_peak_mb": 208.79296875,
      "runs": [
        {
          "cpu_avg": 62.5775,
          "cpu_peak": 74.56,
          "mem_avg_mb": 184.098876953125,
          "mem_peak_mb": 206.3046875,
          "net_rx_total_mb": 88.39857292175293,
          "net_tx_total_mb": 262.36957359313965
        },
        {
          "cpu_avg": 64.5725,
          "cpu_peak": 80.83,
          "mem_avg_mb": 183.609375,
          "mem_peak_mb": 205.7421875,
          "net_rx_total_mb": 88.25019073486328,
          "net_tx_total_mb": 259.94218158721924
        },
        {
          "cpu_avg": 61.27875,
          "cpu_peak": 74.5,
          "mem_avg_mb": 184.846923828125,
          "mem_peak_mb": 208.79296875,
          "net_rx_total_mb": 85.28079605102539,
          "net_tx_total_mb": 246.5824213027954
        }
      ]
    },
    "redis-1": {
      "cpu_avg": 3.693125,
      "cpu_peak": 6.59,
      "mem_avg_mb": 10.007080078125,
      "mem_peak_mb": 10.79296875,
      "runs": [
        {
          "cpu_avg": 3.693125,
          "cpu_peak": 5.95,
          "mem_avg_mb": 10.026123046875,
          "mem_peak_mb": 10.5859375,
          "net_rx_total_mb": 153.08309745788574,
          "net_tx_total_mb": 60.423025131225586
        },
        {
          "cpu_avg": 3.934375,
          "cpu_peak": 6.59,
          "mem_avg_mb": 10.005126953125,
          "mem_peak_mb": 10.765625,
          "net_rx_total_mb": 152.17232704162598,
          "net_tx_total_mb": 62.251773834228516
        },
        {
          "cpu_avg": 3.59625,
          "cpu_peak": 6.47,
          "mem_avg_mb": 10.007080078125,
          "mem_peak_mb": 10.79296875,
          "net_rx_total_mb": 144.35810375213623,
          "net_tx_total_mb": 58.344923973083496
        }
      ]
    }
  }
}