{
  "case": "c2",
  "stack": "Couchbase 3-node cluster (secure-join TLS) + 2 app",
  "tier": "C",
  "target": "couchbase",
  "runs": [
    {
      "run": "run-1",
      "requests_per_s": 228.05523755678462,
      "total_requests": 27259.0,
      "failures_per_s": 18.020873168396275,
      "p50": 910.0,
      "p90": 8800.0,
      "p95": 19000.0,
      "p99": 23000.0,
      "avg": 3031.4891345677474
    },
    {
      "run": "run-2",
      "requests_per_s": 252.54285439946264,
      "total_requests": 30309.0,
      "failures_per_s": 69.66613235784443,
      "p50": 540.0,
      "p90": 7800.0,
      "p95": 14000.0,
      "p99": 24000.0,
      "avg": 2646.1039823628903
    },
    {
      "run": "run-3",
      "requests_per_s": 305.8699523768123,
      "total_requests": 36570.0,
      "failures_per_s": 136.46634243861277,
      "p50": 380.0,
      "p90": 5400.0,
      "p95": 11000.0,
      "p99": 24000.0,
      "avg": 2090.696752264261
    }
  ],
  "metrics": {
    "requests_per_s": {
      "min": 228.05523755678462,
      "max": 305.8699523768123,
      "mean": 262.15601477768655,
      "median": 252.54285439946264,
      "stddev": 39.78808992617828
    },
    "p50": {
      "min": 380.0,
      "max": 910.0,
      "mean": 610.0,
      "median": 540.0,
      "stddev": 271.8455443813637
    },
    "p90": {
      "min": 5400.0,
      "max": 8800.0,
      "mean": 7333.333333333333,
      "median": 7800.0,
      "stddev": 1747.378989610821
    },
    "p95": {
      "min": 11000.0,
      "max": 19000.0,
      "mean": 14666.666666666666,
      "median": 14000.0,
      "stddev": 4041.4518843273804
    },
    "p99": {
      "min": 23000.0,
      "max": 24000.0,
      "mean": 23666.666666666668,
      "median": 24000.0,
      "stddev": 577.3502691896258
    },
    "avg": {
      "min": 2090.696752264261,
      "max": 3031.4891345677474,
      "mean": 2589.4299563982995,
      "median": 2646.1039823628903,
      "stddev": 472.94982351655847
    },
    "total_requests": {
      "min": 27259.0,
      "max": 36570.0,
      "mean": 31379.333333333332,
      "median": 30309.0,
      "stddev": 4746.882169733449
    },
    "failures_per_s": {
      "min": 18.020873168396275,
      "max": 136.46634243861277,
      "mean": 74.71778265495117,
      "median": 69.66613235784443,
      "stddev": 59.38410288708287
    }
  },
  "containers": {
    "app-1-1": {
      "cpu_avg": 87.91333333333333,
      "cpu_peak": 192.95,
      "mem_avg_mb": 745.1796875,
      "mem_peak_mb": 930.62109375,
      "runs": [
        {
          "cpu_avg": 90.69555555555556,
          "cpu_peak": 171.78,
          "mem_avg_mb": 771.2994791666666,
          "mem_peak_mb": 930.62109375,
          "net_rx_total_mb": 44.709726333618164,
          "net_tx_total_mb": 49.57882022857666
        },
        {
          "cpu_avg": 87.91333333333333,
          "cpu_peak": 192.95,
          "mem_avg_mb": 745.1796875,
          "mem_peak_mb": 878.05859375,
          "net_rx_total_mb": 35.79219627380371,
          "net_tx_total_mb": 40.12490940093994
        },
        {
          "cpu_avg": 81.0411111111111,
          "cpu_peak": 122.33,
          "mem_avg_mb": 718.9574652777778,
          "mem_peak_mb": 861.3125,
          "net_rx_total_mb": 29.204397201538086,
          "net_tx_total_mb": 32.67320919036865
        }
      ]
    },
    "app-2-1": {
      "cpu_avg": 82.92111111111112,
      "cpu_peak": 167.04,
      "mem_avg_mb": 775.9665798611111,
      "mem_peak_mb": 1050.2265625,
      "runs": [
        {
          "cpu_avg": 82.92111111111112,
          "cpu_peak": 160.07,
          "mem_avg_mb": 775.9665798611111,
          "mem_peak_mb": 961.03125,
          "net_rx_total_mb": 41.54667854309082,
          "net_tx_total_mb": 46.26123809814453
        },
        {
          "cpu_avg": 86.30555555555556,
          "cpu_peak": 167.04,
          "mem_avg_mb": 767.2973090277778,
          "mem_peak_mb": 861.953125,
          "net_rx_total_mb": 38.67878818511963,
          "net_tx_total_mb": 43.518805503845215
        },
        {
          "cpu_avg": 82.15444444444445,
          "cpu_peak": 136.68,
          "mem_avg_mb": 805.3719618055555,
          "mem_peak_mb": 1050.2265625,
          "net_rx_total_mb": 38.558685302734375,
          "net_tx_total_mb": 43.15088176727295
        }
      ]
    },
    "couchbase-node-1-1": {
      "cpu_avg": 118.85111111111111,
      "cpu_peak": 267.89,
      "mem_avg_mb": 1688.1223958333333,
      "mem_peak_mb": 2026.69140625,
      "runs": [
        {
          "cpu_avg": 201.9311111111111,
          "cpu_peak": 267.89,
          "mem_avg_mb": 1790.9526909722222,
          "mem_peak_mb": 2026.69140625,
          "net_rx_total_mb": 87.79725933074951,
          "net_tx_total_mb": 1780.6907196044922
        },
        {
          "cpu_avg": 118.85111111111111,
          "cpu_peak": 144.41,
          "mem_avg_mb": 1688.1223958333333,
          "mem_peak_mb": 1902.8515625,
          "net_rx_total_mb": 804.9549694061279,
          "net_tx_total_mb": 82.6030855178833
        },
        {
          "cpu_avg": 95.69333333333333,
          "cpu_peak": 146.09,
          "mem_avg_mb": 1627.880642361111,
          "mem_peak_mb": 1865.58984375,
          "net_rx_total_mb": 707.252064704895,
          "net_tx_total_mb": 75.95321083068848
        }
      ]
    },
    "couchbase-node-2-1": {
      "cpu_avg": 99.16,
      "cpu_peak": 151.95,
      "mem_avg_mb": 1605.7847222222222,
      "mem_peak_mb": 1907.08203125,
      "runs": [
        {
          "cpu_avg": 98.24444444444444,
          "cpu_peak": 121.58,
          "mem_avg_mb": 1599.6901041666667,
          "mem_peak_mb": 1772.96484375,
          "net_rx_total_mb": 932.6907939910889,
          "net_tx_total_mb": 89.73276615142822
        },
        {
          "cpu_avg": 103.06888888888889,
          "cpu_peak": 130.96,
          "mem_avg_mb": 1740.328125,
          "mem_peak_mb": 1907.08203125,
          "net_rx_total_mb": 818.0905447006226,
          "net_tx_total_mb": 79.27129554748535
        },
        {
          "cpu_avg": 99.16,
          "cpu_peak": 151.95,
          "mem_avg_mb": 1605.7847222222222,
          "mem_peak_mb": 1840.79296875,
          "net_rx_total_mb": 728.1755323410034,
          "net_tx_total_mb": 71.72139644622803
        }
      ]
    },
    "couchbase-node-3-1": {
      "cpu_avg": 169.72222222222223,
      "cpu_peak": 257.78,
      "mem_avg_mb": 1838.75390625,
      "mem_peak_mb": 2199.9453125,
      "runs": [
        {
          "cpu_avg": 113.28333333333333,
          "cpu_peak": 133.77,
          "mem_avg_mb": 1544.1809895833333,
          "mem_peak_mb": 1645.11328125,
          "net_rx_total_mb": 906.1235456466675,
          "net_tx_total_mb": 86.97012042999268
        },
        {
          "cpu_avg": 205.6677777777778,
          "cpu_peak": 257.78,
          "mem_avg_mb": 1838.75390625,
          "mem_peak_mb": 2186.0390625,
          "net_rx_total_mb": 75.57364082336426,
          "net_tx_total_mb": 1518.941593170166
        },
        {
          "cpu_avg": 169.72222222222223,
          "cpu_peak": 230.3,
          "mem_avg_mb": 1916.890625,
          "mem_peak_mb": 2199.9453125,
          "net_rx_total_mb": 72.4142484664917,
          "net_tx_total_mb": 1429.203456878662
        }
      ]
    },
    "nginx-1": {
      "cpu_avg": 5.835555555555556,
      "cpu_peak": 11.3,
      "mem_avg_mb": 10.328993055555555,
      "mem_peak_mb": 12.3359375,
      "runs": [
        {
          "cpu_avg": 5.745555555555556,
          "cpu_peak": 6.95,
          "mem_avg_mb": 10.516927083333334,
          "mem_peak_mb": 11.94140625,
          "net_rx_total_mb": 73.92654514312744,
          "net_tx_total_mb": 75.76948928833008
        },
        {
          "cpu_avg": 6.263333333333334,
          "cpu_peak": 11.3,
          "mem_avg_mb": 10.328993055555555,
          "mem_peak_mb": 12.3359375,
          "net_rx_total_mb": 66.99947357177734,