{
  "case": "c1",
  "stack": "PG master+2 replica + Redis Cluster + 2 app",
  "tier": "C",
  "target": "pg",
  "runs": [
    {
      "run": "run-1",
      "requests_per_s": 576.7439754447189,
      "total_requests": 69518.0,
      "failures_per_s": 253.75971657596043,
      "p50": 500.0,
      "p90": 1100.0,
      "p95": 4600.0,
      "p99": 5400.0,
      "avg": 846.9954189676874
    },
    {
      "run": "run-2",
      "requests_per_s": 623.2206264303941,
      "total_requests": 74336.0,
      "failures_per_s": 270.31993459421005,
      "p50": 400.0,
      "p90": 710.0,
      "p95": 5000.0,
      "p99": 5400.0,
      "avg": 774.3106029614793
    },
    {
      "run": "run-3",
      "requests_per_s": 543.3420090286808,
      "total_requests": 65672.0,
      "failures_per_s": 239.0731315156042,
      "p50": 540.0,
      "p90": 1700.0,
      "p95": 4800.0,
      "p99": 5500.0,
      "avg": 912.5321711188759
    }
  ],
  "metrics": {
    "requests_per_s": {
      "min": 543.3420090286808,
      "max": 623.2206264303941,
      "mean": 581.1022036345979,
      "median": 576.7439754447189,
      "stddev": 40.11725307419012
    },
    "p50": {
      "min": 400.0,
      "max": 540.0,
      "mean": 480.0,
      "median": 500.0,
      "stddev": 72.11102550927978
    },
    "p90": {
      "min": 710.0,
      "max": 1700.0,
      "mean": 1170.0,
      "median": 1100.0,
      "stddev": 498.6983055916673
    },
    "p95": {
      "min": 4600.0,
      "max": 5000.0,
      "mean": 4800.0,
      "median": 4800.0,
      "stddev": 200.0
    },
    "p99": {
      "min": 5400.0,
      "max": 5500.0,
      "mean": 5433.333333333333,
      "median": 5400.0,
      "stddev": 57.735026918962575
    },
    "avg": {
      "min": 774.3106029614793,
      "max": 912.5321711188759,
      "mean": 844.6127310160142,
      "median": 846.9954189676874,
      "stddev": 69.14158211509734
    },
    "total_requests": {
      "min": 65672.0,
      "max": 74336.0,
      "mean": 69842.0,
      "median": 69518.0,
      "stddev": 4341.077746366678
    },
    "failures_per_s": {
      "min": 239.0731315156042,
      "max": 270.31993459421005,
      "mean": 254.38426089525822,
      "median": 253.75971657596043,
      "stddev": 15.632761028153938
    }
  },
  "containers": {
    "app-1-1": {
      "cpu_avg": 128.774,
      "cpu_peak": 364.41,
      "mem_avg_mb": 869.44765625,
      "mem_peak_mb": 1178.73828125,
      "runs": [
        {
          "cpu_avg": 128.774,
          "cpu_peak": 229.05,
          "mem_avg_mb": 834.48359375,
          "mem_peak_mb": 991.9375,
          "net_rx_total_mb": 40.88873767852783,
          "net_tx_total_mb": 48.97746181488037
        },
        {
          "cpu_avg": 153.34,
          "cpu_peak": 364.41,
          "mem_avg_mb": 951.9921875,
          "mem_peak_mb": 1178.73828125,
          "net_rx_total_mb": 106.24631214141846,
          "net_tx_total_mb": 126.45017433166504
        },
        {
          "cpu_avg": 103.71799999999999,
          "cpu_peak": 249.23,
          "mem_avg_mb": 869.44765625,
          "mem_peak_mb": 1074.3359375,
          "net_rx_total_mb": 38.18986225128174,
          "net_tx_total_mb": 45.63166904449463
        }
      ]
    },
    "app-2-1": {
      "cpu_avg": 115.27,
      "cpu_peak": 224.04,
      "mem_avg_mb": 918.34609375,
      "mem_peak_mb": 1163.703125,
      "runs": [
        {
          "cpu_avg": 116.568,
          "cpu_peak": 219.53,
          "mem_avg_mb": 870.93359375,
          "mem_peak_mb": 1025.859375,
          "net_rx_total_mb": 43.07997131347656,
          "net_tx_total_mb": 51.41757392883301
        },
        {
          "cpu_avg": 113.972,
          "cpu_peak": 224.04,
          "mem_avg_mb": 965.75859375,
          "mem_peak_mb": 1163.703125,
          "net_rx_total_mb": 41.75677490234375,
          "net_tx_total_mb": 49.95341968536377
        }
      ]
    },
    "nginx-1": {
      "cpu_avg": 11.058,
      "cpu_peak": 19.96,
      "mem_avg_mb": 7.65078125,
      "mem_peak_mb": 12.13671875,
      "runs": [
        {
          "cpu_avg": 11.058,
          "cpu_peak": 18.52,
          "mem_avg_mb": 7.65078125,
          "mem_peak_mb": 12.13671875,
          "net_rx_total_mb": 92.76456832885742,
          "net_tx_total_mb": 95.30457401275635
        },
        {
          "cpu_avg": 10.566666666666666,
          "cpu_peak": 19.96,
          "mem_avg_mb": 7.284505208333333,
          "mem_peak_mb": 12.09765625,
          "net_rx_total_mb": 121.11002349853516,
          "net_tx_total_mb": 123.85697078704834
        },
        {
          "cpu_avg": 11.5,
          "cpu_peak": 17.28,
          "mem_avg_mb": 7.75078125,
          "mem_peak_mb": 12.015625,
          "net_rx_total_mb": 87.38634777069092,
          "net_tx_total_mb": 89.98745441436768
        }
      ]
    },
    "pg-master-1": {
      "cpu_avg": 29.84,
      "cpu_peak": 46.85,
      "mem_avg_mb": 274.36640625,
      "mem_peak_mb": 311.59765625,
      "runs": [
        {
          "cpu_avg": 29.84,
          "cpu_peak": 42.55,
          "mem_avg_mb": 274.36640625,
          "mem_peak_mb": 294.21484375,
          "net_rx_total_mb": 40.93962478637695,
          "net_tx_total_mb": 240.40717697143555
        },
        {
          "cpu_avg": 19.223333333333333,
          "cpu_peak": 39.26,
          "mem_avg_mb": 205.01822916666666,
          "mem_peak_mb": 220.08203125,
          "net_rx_total_mb": 46.03470802307129,
          "net_tx_total_mb": 258.8715171813965
        },
        {
          "cpu_avg": 30.01,
          "cpu_peak": 46.85,
          "mem_avg_mb": 293.40546875,
          "mem_peak_mb": 311.59765625,
          "net_rx_total_mb": 41.62519836425781,
          "net_tx_total_mb": 232.66500663757324
        }
      ]
    },
    "pg-replica-1-1": {
      "cpu_avg": 0.9116666666666666,
      "cpu_peak": 4.38,
      "mem_avg_mb": 127.115234375,
      "mem_peak_mb": 158.9296875,
      "runs": [
        {
          "cpu_avg": 0.272,
          "cpu_peak": 0.47,
          "mem_avg_mb": 124.79375,
          "mem_peak_mb": 141.5546875,
          "net_rx_total_mb": 101.7367582321167,
          "net_tx_total_mb": 0.2868499755859375
        },
        {
          "cpu_avg": 0.9116666666666666,
          "cpu_peak": 3.2,
          "mem_avg_mb": 127.115234375,
          "mem_peak_mb": 140.8984375,
          "net_rx_total_mb": 101.38468551635742,
          "net_tx_total_mb": 0.2812080383300781
        },
        {
          "cpu_avg": 1.828,
          "cpu_peak": 4.38,
          "mem_avg_mb": 141.928125,
          "mem_peak_mb": 158.9296875,
          "net_rx_total_mb": 81.95593452453613,
          "net_tx_total_mb": 0.2548646926879883
        }
      ]
    },
    "pg-replica-2-1": {
      "cpu_avg": 0.8833333333333333,
      "cpu_peak": 4.17,
      "mem_avg_mb": 141.58359375,
      "mem_peak_mb": 158.8671875,
      "runs": [
        {
          "cpu_avg": 1.39,
          "cpu_peak": 4.17,
          "mem_avg_mb": 141.4484375,
          "mem_peak_mb": 158.03515625,
          "net_rx_total_mb": 84.66889572143555,
          "net_tx_total_mb": 0.2623720169067383
        },
        {
          "cpu_avg": 0.8833333333333333,
          "cpu_peak": 3.07,
          "mem_avg_mb": 143.63541666666666,
          "mem_peak_mb": 157.43359375,
          "net_rx_total_mb": 94.86205387115479,
          "net_tx_total_mb": 0.2677593231201172
        },
        {
          "cpu_avg": 0.276,
          "cpu_peak": 0.53,
          "mem_avg_mb": 141.58359375,
          "mem_peak_mb": 158.8671875,
          "net_rx_total_mb": 93.29764556884766,
          "net_tx_total_mb": 0.2614307403564453
        }
      ]
    },
    "redis-node-1-1": {
      "cpu_avg": 0.58,
      "cpu_peak": 0.8,
      "mem_avg_mb": 9.19140625,
      "mem_peak_mb": 9.40234375,
      "runs": [
        {
          "cpu_avg": 0.542,
          "cpu_peak": 0.67,
          "mem_avg_mb": 9.13125,
          "mem_peak_mb": 9.140625,
          "net_rx_total_mb": 1.8310432434082031,