{
  "case": "a2",
  "stack": "Couchbase single node",
  "tier": "A",
  "target": "couchbase",
  "runs": [
    {
      "run": "run-1",
      "requests_per_s": 34.38345671723912,
      "total_requests": 4099.0,
      "failures_per_s": 0.20131811690991433,
      "p50": 21000.0,
      "p90": 31000.0,
      "p95": 41000.0,
      "p99": 72000.0,
      "avg": 19825.04690326105
    },
    {
      "run": "run-2",
      "requests_per_s": 30.452915782225777,
      "total_requests": 3630.0,
      "failures_per_s": 0.2265092909421752,
      "p50": 24000.0,
      "p90": 34000.0,
      "p95": 47000.0,
      "p99": 77000.0,
      "avg": 21586.018552494792
    },
    {
      "run": "run-3",
      "requests_per_s": 31.41654561734299,
      "total_requests": 3745.0,
      "failures_per_s": 0.20133433773464132,
      "p50": 22000.0,
      "p90": 34000.0,
      "p95": 47000.0,
      "p99": 77000.0,
      "avg": 21357.50514504539
    }
  ],
  "metrics": {
    "requests_per_s": {
      "min": 30.452915782225777,
      "max": 34.38345671723912,
      "mean": 32.084306038935964,
      "median": 31.41654561734299,
      "stddev": 2.048588781561202
    },
    "p50": {
      "min": 21000.0,
      "max": 24000.0,
      "mean": 22333.333333333332,
      "median": 22000.0,
      "stddev": 1527.5252316519466
    },
    "p90": {
      "min": 31000.0,
      "max": 34000.0,
      "mean": 33000.0,
      "median": 34000.0,
      "stddev": 1732.0508075688772
    },
    "p95": {
      "min": 41000.0,
      "max": 47000.0,
      "mean": 45000.0,
      "median": 47000.0,
      "stddev": 3464.1016151377544
    },
    "p99": {
      "min": 72000.0,
      "max": 77000.0,
      "mean": 75333.33333333333,
      "median": 77000.0,
      "stddev": 2886.751345948129
    },
    "avg": {
      "min": 19825.04690326105,
      "max": 21586.018552494792,
      "mean": 20922.856866933744,
      "median": 21357.50514504539,
      "stddev": 957.5722592057043
    },
    "total_requests": {
      "min": 3630.0,
      "max": 4099.0,
      "mean": 3824.6666666666665,
      "median": 3745.0,
      "stddev": 244.4388130664468
    },
    "failures_per_s": {
      "min": 0.20131811690991433,
      "max": 0.2265092909421752,
      "mean": 0.20972058186224363,
      "median": 0.20133433773464132,
      "stddev": 0.014539450822046945
    }
  },
  "containers": {
    "app-1": {
      "cpu_avg": 39.35285714285714,
      "cpu_peak": 215.66,
      "mem_avg_mb": 663.3876488095239,
      "mem_peak_mb": 710.1328125,
      "runs": [
        {
          "cpu_avg": 40.128571428571426,
          "cpu_peak": 215.66,
          "mem_avg_mb": 683.233630952381,
          "mem_peak_mb": 710.1328125,
          "net_rx_total_mb": 14.71865177154541,
          "net_tx_total_mb": 16.487513542175293
        },
        {
          "cpu_avg": 36.296190476190475,
          "cpu_peak": 140.09,
          "mem_avg_mb": 648.8684895833334,
          "mem_peak_mb": 669.5859375,
          "net_rx_total_mb": 13.642338752746582,
          "net_tx_total_mb": 15.107935905456543
        },
        {
          "cpu_avg": 39.35285714285714,
          "cpu_peak": 173.6,
          "mem_avg_mb": 663.3876488095239,
          "mem_peak_mb": 680.42578125,
          "net_rx_total_mb": 13.175708770751953,
          "net_tx_total_mb": 14.852943420410156
        }
      ]
    },
    "couchbase-1": {
      "cpu_avg": 537.6466666666666,
      "cpu_peak": 629.18,
      "mem_avg_mb": 1305.926525297619,
      "mem_peak_mb": 1395.5546875,
      "runs": [
        {
          "cpu_avg": 545.5147619047619,
          "cpu_peak": 629.18,
          "mem_avg_mb": 1318.365699404762,
          "mem_peak_mb": 1395.5546875,
          "net_rx_total_mb": 13.692227363586426,
          "net_tx_total_mb": 13.181320190429688
        },
        {
          "cpu_avg": 528.652380952381,
          "cpu_peak": 600.33,
          "mem_avg_mb": 1282.2276785714287,
          "mem_peak_mb": 1326.8046875,
          "net_rx_total_mb": 13.43060302734375,
          "net_tx_total_mb": 12.461745262145996
        },
        {
          "cpu_avg": 537.6466666666666,
          "cpu_peak": 609.9,
          "mem_avg_mb": 1305.926525297619,
          "mem_peak_mb": 1342.0859375,
          "net_rx_total_mb": 13.207182884216309,
          "net_tx_total_mb": 11.806358337402344
        }
      ]
    }
  }
}