{
  "case": "b2",
  "stack": "Couchbase 2-node cluster (secure-join TLS)",
  "tier": "B",
  "target": "couchbase",
  "runs": [
    {
      "run": "run-1",
      "requests_per_s": 238.85111539480172,
      "total_requests": 28648.0,
      "failures_per_s": 0.0,
      "p50": 3000.0,
      "p90": 5300.0,
      "p95": 6700.0,
      "p99": 9400.0,
      "avg": 3084.2139817137936
    },
    {
      "run": "run-2",
      "requests_per_s": 231.72641331734377,
      "total_requests": 27690.0,
      "failures_per_s": 0.0,
      "p50": 3000.0,
      "p90": 5300.0,
      "p95": 6800.0,
      "p99": 11000.0,
      "avg": 3185.2976408478617
    },
    {
      "run": "run-3",
      "requests_per_s": 233.2940696763502,
      "total_requests": 27875.0,
      "failures_per_s": 0.0,
      "p50": 3000.0,
      "p90": 5200.0,
      "p95": 6600.0,
      "p99": 10000.0,
      "avg": 3154.5154782267305
    }
  ],
  "metrics": {
    "requests_per_s": {
      "min": 231.72641331734377,
      "max": 238.85111539480172,
      "mean": 234.62386612949857,
      "median": 233.2940696763502,
      "stddev": 3.743876851371836
    },
    "p50": {
      "min": 3000.0,
      "max": 3000.0,
      "mean": 3000.0,
      "median": 3000.0,
      "stddev": 0.0
    },
    "p90": {
      "min": 5200.0,
      "max": 5300.0,
      "mean": 5266.666666666667,
      "median": 5300.0,
      "stddev": 57.735026918962575
    },
    "p95": {
      "min": 6600.0,
      "max": 6800.0,
      "mean": 6700.0,
      "median": 6700.0,
      "stddev": 100.0
    },
    "p99": {
      "min": 9400.0,
      "max": 11000.0,
      "mean": 10133.333333333334,
      "median": 10000.0,
      "stddev": 808.2903768654761
    },
    "avg": {
      "min": 3084.2139817137936,
      "max": 3185.2976408478617,
      "mean": 3141.342366929462,
      "median": 3154.5154782267305,
      "stddev": 51.81336393171923
    },
    "total_requests": {
      "min": 27690.0,
      "max": 28648.0,
      "mean": 28071.0,
      "median": 27875.0,
      "stddev": 508.18598957468316
    },
    "failures_per_s": {
      "min": 0.0,
      "max": 0.0,
      "mean": 0.0,
      "median": 0.0,
      "stddev": 0.0
    }
  },
  "containers": {
    "app-1": {
      "cpu_avg": 95.599375,
      "cpu_peak": 240.69,
      "mem_avg_mb": 874.517578125,
      "mem_peak_mb": 982.91015625,
      "runs": [
        {
          "cpu_avg": 90.676875,
          "cpu_peak": 209.99,
          "mem_avg_mb": 849.335205078125,
          "mem_peak_mb": 955.84375,
          "net_rx_total_mb": 98.59150981903076,
          "net_tx_total_mb": 114.52219104766846
        },
        {
          "cpu_avg": 96.10187499999999,
          "cpu_peak": 224.89,
          "mem_avg_mb": 888.42529296875,
          "mem_peak_mb": 982.91015625,
          "net_rx_total_mb": 94.65908432006836,
          "net_tx_total_mb": 109.2983865737915
        },
        {
          "cpu_avg": 95.599375,
          "cpu_peak": 240.69,
          "mem_avg_mb": 874.517578125,
          "mem_peak_mb": 975.546875,
          "net_rx_total_mb": 96.54815006256104,
          "net_tx_total_mb": 112.01614952087402
        }
      ]
    },
    "couchbase-node-1-1": {
      "cpu_avg": 300.356875,
      "cpu_peak": 368.8,
      "mem_avg_mb": 1627.4638671875,
      "mem_peak_mb": 1880.13671875,
      "runs": [
        {
          "cpu_avg": 191.385,
          "cpu_peak": 238.91,
          "mem_avg_mb": 1571.351318359375,
          "mem_peak_mb": 1723.3125,
          "net_rx_total_mb": 1684.3710918426514,
          "net_tx_total_mb": 117.54371929168701
        },
        {
          "cpu_avg": 300.356875,
          "cpu_peak": 356.69,
          "mem_avg_mb": 1688.068115234375,
          "mem_peak_mb": 1880.13671875,
          "net_rx_total_mb": 92.4736270904541,
          "net_tx_total_mb": 1689.1780681610107
        },
        {
          "cpu_avg": 300.974375,
          "cpu_peak": 368.8,
          "mem_avg_mb": 1627.4638671875,
          "mem_peak_mb": 1744.27734375,
          "net_rx_total_mb": 90.53693294525146,
          "net_tx_total_mb": 1653.3997497558594
        }
      ]
    },
    "couchbase-node-2-1": {
      "cpu_avg": 199.00375,
      "cpu_peak": 389.36,
      "mem_avg_mb": 1595.299560546875,
      "mem_peak_mb": 1939.03515625,
      "runs": [
        {
          "cpu_avg": 305.180625,
          "cpu_peak": 389.36,
          "mem_avg_mb": 1673.29345703125,
          "mem_peak_mb": 1939.03515625,
          "net_rx_total_mb": 94.7969331741333,
          "net_tx_total_mb": 1680.3278999328613
        },
        {
          "cpu_avg": 187.6075,
          "cpu_peak": 227.92,
          "mem_avg_mb": 1548.5048828125,
          "mem_peak_mb": 1688.05859375,
          "net_rx_total_mb": 1641.8826274871826,
          "net_tx_total_mb": 109.71495342254639
        },
        {
          "cpu_avg": 199.00375,
          "cpu_peak": 248.67,
          "mem_avg_mb": 1595.299560546875,
          "mem_peak_mb": 1712.87890625,
          "net_rx_total_mb": 1672.003381729126,
          "net_tx_total_mb": 113.44478130340576
        }
      ]
    }
  }
}